<?xml version="1.0" encoding="utf-8"?>
<!--/11772823/1216038/2.50/4/4/Connector/-->
<quadcept_library>
  <setting unit="mil" />
  <textstyle name="Default" height="47.244094488189" strokewidth="7.8740157480315" charwidth="47.244094488189" />
  <textstyle name="Dimension" height="19.6850393700787" strokewidth="0" charwidth="19.6850393700787" />
  <textstyle name="H127W0635TH00762" height="50" strokewidth="3" charwidth="25" />
  <textstyle name="H15W15TH02" height="59.0551181102362" strokewidth="7.8740157480315" charwidth="59.0551181102362" />
  <padstyle name="c390_h260" surface="False" plated="True" isvia="False" nopaste="True" nomask="True" complex="False" holesize="102.36220472441">
    <padshape layer="TOP" shape="round" width="153.54330708661" height="153.54330708661" />
    <padshape layer="TOP_SOLDER_MASK" shape="round" width="161.41732283464" height="161.41732283464" />
    <padshape layer="INNER" shape="round" width="153.54330708661" height="153.54330708661" />
    <padshape layer="BOTTOM" shape="round" width="153.54330708661" height="153.54330708661" />
    <padshape layer="BOTTOM_SOLDER_MASK" shape="round" width="161.41732283464" height="161.41732283464" />
  </padstyle>
  <padstyle name="c255_h170" surface="False" plated="True" isvia="False" nopaste="True" nomask="True" complex="False" holesize="66.929133858267">
    <padshape layer="TOP" shape="round" width="100.3937007874" height="100.3937007874" />
    <padshape layer="TOP_SOLDER_MASK" shape="round" width="108.26771653543" height="108.26771653543" />
    <padshape layer="INNER" shape="round" width="100.3937007874" height="100.3937007874" />
    <padshape layer="BOTTOM" shape="round" width="100.3937007874" height="100.3937007874" />
    <padshape layer="BOTTOM_SOLDER_MASK" shape="round" width="108.26771653543" height="108.26771653543" />
  </padstyle>
  <footprint name="RCJ014" originx="0" originy="0" pickpointx="0" pickpointy="0">
    <pcbpin number="1" name="2" style="c255_h170" originx="0" originy="0" rotation="90" />
    <pcbpin number="2" name="A1" style="c390_h260" originx="-196.85039370078" originy="0" rotation="90" />
    <pcbpin number="3" name="B1" style="c390_h260" originx="0" originy="177.16535433071" rotation="90" />
    <pcbpin number="4" name="C1" style="c390_h260" originx="196.85039370078" originy="0" rotation="90" />
    <line layer="TOP_ASSEMBLY" originx="-208.66141732283" originy="519.68503937007" endx="208.66141732283" endy="519.68503937007" width="7.8740157480314" />
    <line layer="TOP_ASSEMBLY" originx="208.66141732283" originy="519.68503937007" endx="208.66141732283" endy="-51.181102362204" width="7.8740157480314" />
    <line layer="TOP_ASSEMBLY" originx="208.66141732283" originy="-51.181102362204" endx="-208.66141732283" endy="-51.181102362204" width="7.8740157480314" />
    <line layer="TOP_ASSEMBLY" originx="-208.66141732283" originy="-51.181102362204" endx="-208.66141732283" endy="519.68503937007" width="7.8740157480314" />
    <line layer="TOP_PLACE_BOUND" originx="-312.99212598425" originy="559.05511811023" endx="312.99212598425" endy="559.05511811023" width="3.9370078740157" />
    <line layer="TOP_PLACE_BOUND" originx="312.99212598425" originy="559.05511811023" endx="312.99212598425" endy="-116.14173228346" width="3.9370078740157" />
    <line layer="TOP_PLACE_BOUND" originx="312.99212598425" originy="-116.14173228346" endx="-312.99212598425" endy="-116.14173228346" width="3.9370078740157" />
    <line layer="TOP_PLACE_BOUND" originx="-312.99212598425" originy="-116.14173228346" endx="-312.99212598425" endy="559.05511811023" width="3.9370078740157" />
    <line layer="TOP_SILKSCREEN" originx="-208.66141732283" originy="96.456692913385" endx="-208.66141732283" endy="519.68503937007" width="3.9370078740157" />
    <line layer="TOP_SILKSCREEN" originx="-208.66141732283" originy="519.68503937007" endx="196.85039370078" endy="519.68503937007" width="3.9370078740157" />
    <line layer="TOP_SILKSCREEN" originx="196.85039370078" originy="519.68503937007" endx="208.66141732283" endy="519.68503937007" width="3.9370078740157" />
    <line layer="TOP_SILKSCREEN" originx="208.66141732283" originy="519.68503937007" endx="208.66141732283" endy="175.1968503937" width="3.9370078740157" />
  </footprint>
  <symbol name="RCJ-014" originx="0" originy="0">
    <line originx="200" originy="100" endx="700" endy="100" width="0" />
    <line originx="700" originy="-300" endx="700" endy="100" width="0" />
    <line originx="700" originy="-300" endx="200" endy="-300" width="0" />
    <line originx="200" originy="100" endx="200" endy="-300" width="0" />
    <sympin number="2" originx="200" originy="-100" rotation="180" length="100" width="7.8740157480315" flipped="False">
      <text name="pinname" originx="230" originy="-100" style="Default" rotation="0" justify="left" flipped="False" hidden="False" data="2" />
      <text name="pindes" originx="140" originy="-80" style="Default" rotation="0" justify="lowerright" flipped="False" hidden="False" data="2" />
    </sympin>
    <sympin number="2" originx="200" originy="0" rotation="180" length="100" width="7.8740157480315" flipped="False">
      <text name="pinname" originx="230" originy="0" style="Default" rotation="0" justify="left" flipped="False" hidden="False" data="A1" />
      <text name="pindes" originx="140" originy="20" style="Default" rotation="0" justify="lowerright" flipped="False" hidden="False" data="A1" />
    </sympin>
    <sympin number="3" originx="700" originy="0" rotation="0" length="100" width="7.8740157480315" flipped="False">
      <text name="pinname" originx="670" originy="0" style="Default" rotation="0" justify="right" flipped="False" hidden="False" data="B1" />
      <text name="pindes" originx="760" originy="20" style="Default" rotation="0" justify="lowerleft" flipped="False" hidden="False" data="B1" />
    </sympin>
    <sympin number="4" originx="200" originy="-200" rotation="180" length="100" width="7.8740157480315" flipped="False">
      <text name="pinname" originx="230" originy="-200" style="Default" rotation="0" justify="left" flipped="False" hidden="False" data="C1" />
      <text name="pindes" originx="140" originy="-180" style="Default" rotation="0" justify="lowerright" flipped="False" hidden="False" data="C1" />
    </sympin>
  </symbol>
  <component name="RCJ-014" designatorprefix="J" height="472.44094488188" footprint="RCJ014">
    <comppin designator="2" sympin="2" pinswap="0" gateswap="0" gate="1" group="1" side="" type="Any" name="2" />
    <comppin designator="A1" sympin="2" pinswap="0" gateswap="0" gate="1" group="1" side="" type="Any" name="A1" />
    <comppin designator="B1" sympin="3" pinswap="0" gateswap="0" gate="1" group="1" side="" type="Any" name="B1" />
    <comppin designator="C1" sympin="4" pinswap="0" gateswap="0" gate="1" group="1" side="" type="Any" name="C1" />
    <attached_symbol gate="1" name="RCJ-014" />
    <pinmap designator="2" footprintpin="1" />
    <pinmap designator="A1" footprintpin="2" />
    <pinmap designator="B1" footprintpin="3" />
    <pinmap designator="C1" footprintpin="4" />
    <text name="Datasheet" originx="0" originy="0" style="Default" rotation="0" justify="" flipped="False" hidden="True" data="" />
    <text name="Description" originx="0" originy="0" style="Default" rotation="0" justify="" flipped="False" hidden="True" data="RCA Phono Connectors RCA Connectors" />
    <text name="Mouser Part Number" originx="0" originy="0" style="Default" rotation="0" justify="" flipped="False" hidden="True" data="490-RCJ-014" />
    <text name="Mouser Price/Stock" originx="0" originy="0" style="Default" rotation="0" justify="" flipped="False" hidden="True" data="https://www.mouser.co.uk/ProductDetail/CUI-Devices/RCJ-014?qs=WyjlAZoYn53hpijiyk9ZIA%3D%3D" />
    <text name="Manufacturer_Name" originx="0" originy="0" style="Default" rotation="0" justify="" flipped="False" hidden="True" data="Same Sky" />
    <text name="Manufacturer_Part_Number" originx="750" originy="200" style="Default" rotation="0" justify="left" flipped="False" hidden="False" data="RCJ-014" />
  </component>
</quadcept_library>
